{
  "part1": {
    "r2": 0.9999998604563638,
    "mae": 41.13522402854289
  },
  "classification": {
    "threshold": 0.26666666666666666,
    "accuracy": 1.0,
    "f1": 0.9999999995
  },
  "forecast": {
    "rmse": 0.4854692567313663,
    "mae": 0.3411436576022098,
    "r2": 0.538707005694161
  }
}