{
  "forecast": {
    "rmse": 0.4854692567313663,
    "mae": 0.3411436576022098,
    "r2": 0.538707005694161
  }
}